<?xml version="1.0" encoding="UTF-8"?>
<project-private xmlns="http://www.netbeans.org/ns/project-private/1">
    <editor-bookmarks xmlns="http://www.netbeans.org/ns/editor-bookmarks/2" lastBookmarkId="0"/>
    <open-files xmlns="http://www.netbeans.org/ns/projectui-open-files/2">
        <group>
            <file>file:/Users/Rafa/NetBeansProjects/Nueva%20Carpeta/Napakalaki/src/MainPack/Main.java</file>
            <file>file:/Users/Rafa/NetBeansProjects/Nueva%20Carpeta/Napakalaki/src/GUI/MonsterView.java</file>
            <file>file:/Users/Rafa/NetBeansProjects/Nueva%20Carpeta/Napakalaki/src/GUI/BadConsequenceView.java</file>
            <file>file:/Users/Rafa/NetBeansProjects/Nueva%20Carpeta/Napakalaki/src/GUI/TreasureView.java</file>
            <file>file:/Users/Rafa/NetBeansProjects/Nueva%20Carpeta/Napakalaki/src/GUI/NapakalakiView.java</file>
            <file>file:/Users/Rafa/NetBeansProjects/Nueva%20Carpeta/Napakalaki/src/GUI/PrizeView.java</file>
            <file>file:/Users/Rafa/NetBeansProjects/Nueva%20Carpeta/Napakalaki/src/napakalaki/BadConsequence.java</file>
            <file>file:/Users/Rafa/NetBeansProjects/Nueva%20Carpeta/Napakalaki/src/napakalaki/Monster.java</file>
            <file>file:/Users/Rafa/NetBeansProjects/Nueva%20Carpeta/Napakalaki/src/napakalaki/Napakalaki.java</file>
            <file>file:/Users/Rafa/NetBeansProjects/Nueva%20Carpeta/Napakalaki/src/napakalaki/CardDealer.java</file>
            <file>file:/Users/Rafa/NetBeansProjects/Nueva%20Carpeta/Napakalaki/src/TextUI/IO.java</file>
            <file>file:/Users/Rafa/NetBeansProjects/Nueva%20Carpeta/Napakalaki/src/GUI/CultistView.java</file>
            <file>file:/Users/Rafa/NetBeansProjects/Nueva%20Carpeta/Napakalaki/src/GUI/PlayerNamesCapture.java</file>
            <file>file:/Users/Rafa/NetBeansProjects/Nueva%20Carpeta/Napakalaki/src/napakalaki/CultistPlayer.java</file>
            <file>file:/Users/Rafa/NetBeansProjects/Nueva%20Carpeta/Napakalaki/src/napakalaki/Cultist.java</file>
            <file>file:/Users/Rafa/NetBeansProjects/Nueva%20Carpeta/Napakalaki/src/GUI/pendingBadConsequenceView.java</file>
            <file>file:/Users/Rafa/NetBeansProjects/Nueva%20Carpeta/Napakalaki/src/GUI/PlayerView.java</file>
            <file>file:/Users/Rafa/NetBeansProjects/Nueva%20Carpeta/Napakalaki/src/napakalaki/Player.java</file>
            <file>file:/Users/Rafa/NetBeansProjects/Nueva%20Carpeta/Napakalaki/src/napakalaki/Dice.java</file>
        </group>
    </open-files>
</project-private>
